{"is_source_file": false, "format": "", "description": "", "external_files": [], "external_methods": [], "published": [], "classes": [], "methods": [], "calls": [], "search-terms": [], "state": 2, "file_id": 12, "knowledge_revision": 17, "git_revision": "65cf9ff5705d747ff78c677987f0f8ad358a0717", "hash": "d96f7c503c31aacca9c803904c511108", "format-version": 4, "code-base-name": "todo_list_frontend", "filename": "README.md", "revision_history": [{"17": "65cf9ff5705d747ff78c677987f0f8ad358a0717"}]}