{"is_source_file": false, "format": "", "description": "", "external_files": [], "external_methods": [], "published": [], "classes": [], "methods": [], "calls": [], "search-terms": [], "state": 2, "file_id": 1, "knowledge_revision": 14, "git_revision": "13961f7317edb4759bb9d5095e8ce3760a07505b", "hash": "be6538e7523bc2e9da0743133d784136", "format-version": 4, "code-base-name": "todo_list_frontend", "filename": "todo_list_frontend/eslint.config.mjs", "revision_history": [{"14": "13961f7317edb4759bb9d5095e8ce3760a07505b"}]}