{"is_source_file": false, "format": "", "description": "", "external_files": [], "external_methods": [], "published": [], "classes": [], "methods": [], "calls": [], "search-terms": ["CSS variables", "theme management", ":root", "[data-theme=\"dark\"]", ".App", ".App-header", ".theme-toggle"], "state": 2, "file_id": 8, "knowledge_revision": 20, "git_revision": "13961f7317edb4759bb9d5095e8ce3760a07505b", "hash": "22f9e17cc1848b56dbb244518ac2707e", "format-version": 4, "code-base-name": "todo_list_frontend", "filename": "todo_list_frontend/src/App.css", "revision_history": [{"20": "13961f7317edb4759bb9d5095e8ce3760a07505b"}]}