{"is_source_file": false, "format": "", "description": "", "external_files": [], "external_methods": [], "published": [], "classes": [], "methods": [], "calls": [], "search-terms": [], "state": 2, "file_id": 11, "knowledge_revision": 19, "git_revision": "13961f7317edb4759bb9d5095e8ce3760a07505b", "hash": "6c2104b8d219ed99234ae2d6329f4357", "format-version": 4, "code-base-name": "todo_list_frontend", "filename": "todo_list_frontend/src/index.css", "revision_history": [{"19": "13961f7317edb4759bb9d5095e8ce3760a07505b"}]}