{"is_source_file": false, "format": "", "description": "", "external_files": [], "external_methods": [], "published": [], "classes": [], "methods": [], "calls": [], "search-terms": [], "state": 2, "file_id": 4, "knowledge_revision": 15, "git_revision": "13961f7317edb4759bb9d5095e8ce3760a07505b", "hash": "d001d53c059625c4bcf75bf5a7f3fcf0", "format-version": 4, "code-base-name": "todo_list_frontend", "filename": "todo_list_frontend/package.json", "revision_history": [{"15": "13961f7317edb4759bb9d5095e8ce3760a07505b"}]}