{"is_source_file": false, "format": "", "description": "", "external_files": [], "external_methods": [], "published": [], "classes": [], "methods": [], "calls": [], "search-terms": [], "state": 2, "file_id": 5, "knowledge_revision": 22, "git_revision": "13961f7317edb4759bb9d5095e8ce3760a07505b", "hash": "ebece526bc2eadd78ddd787a76c56607", "format-version": 4, "code-base-name": "todo_list_frontend", "filename": "todo_list_frontend/README.md", "revision_history": [{"22": "13961f7317edb4759bb9d5095e8ce3760a07505b"}]}