{"is_source_file": false, "format": "JSON", "description": "", "external_files": [], "external_methods": [], "published": [], "classes": [], "methods": [], "calls": [], "search-terms": [], "state": 2, "file_id": 3, "knowledge_revision": 18, "git_revision": "13961f7317edb4759bb9d5095e8ce3760a07505b", "hash": "d9d975cebe2ec20b6c652e1e4c12ccf0", "format-version": 4, "code-base-name": "todo_list_frontend", "filename": "todo_list_frontend/public/manifest.json", "revision_history": [{"18": "13961f7317edb4759bb9d5095e8ce3760a07505b"}]}