{"is_source_file": false, "format": "", "description": "", "external_files": [], "external_methods": [], "published": [], "classes": [], "methods": [], "calls": [], "search-terms": [], "state": 2, "file_id": 2, "knowledge_revision": 16, "git_revision": "13961f7317edb4759bb9d5095e8ce3760a07505b", "hash": "d2b40d02d5f7873d8a6713bad837edd4", "format-version": 4, "code-base-name": "todo_list_frontend", "filename": "todo_list_frontend/public/index.html", "revision_history": [{"16": "13961f7317edb4759bb9d5095e8ce3760a07505b"}]}