{"is_source_file": false, "format": "", "description": "", "external_files": [], "external_methods": [], "published": [], "classes": [], "methods": [], "calls": [], "search-terms": [], "state": 2, "file_id": 6, "knowledge_revision": 21, "git_revision": "13961f7317edb4759bb9d5095e8ce3760a07505b", "ctags": [], "hash": "1a77571e1a8cf36018a41bcedf60db75", "format-version": 4, "code-base-name": "todo_list_frontend", "filename": "todo_list_frontend/src/setupTests.js", "revision_history": [{"21": "13961f7317edb4759bb9d5095e8ce3760a07505b"}]}