{"is_source_file": true, "format": "JavaScript", "description": "This file serves as the entry point for a React-based frontend application, initializing the ReactDOM root, and rendering the main App component inside React.StrictMode.", "external_files": ["react", "react-dom/client", "./index.css", "./App"], "external_methods": ["ReactDOM.createRoot", "root.render"], "published": [], "classes": [], "methods": [{"name": "ReactDOM.createRoot", "description": "Creates a root for React rendering to a DOM element."}, {"name": "root.render", "description": "Renders React elements into the DOM."}], "calls": ["ReactDOM.createRoot", "root.render"], "search-terms": ["React", "ReactDOM", "index.js", "entry point", "frontend initialization"], "state": 2, "file_id": 7, "knowledge_revision": 25, "git_revision": "13961f7317edb4759bb9d5095e8ce3760a07505b", "ctags": [{"_type": "tag", "name": "root", "path": "/home/kavia/workspace/code-generation/simple-to-do-list-201430-201439/todo_list_frontend/src/index.js", "pattern": "/^const root = ReactDOM.createRoot(document.getElementById('root'));$/", "language": "JavaScript", "kind": "constant"}], "hash": "9fc5841375336fc175b49f8767a11383", "format-version": 4, "code-base-name": "todo_list_frontend", "filename": "todo_list_frontend/src/index.js", "revision_history": [{"25": "13961f7317edb4759bb9d5095e8ce3760a07505b"}]}